What motivated you to seek a computing class at CCM? [It’s a required class for the degree I’m seeking],What motivated you to seek a computing class at CCM? [To keep current in computing skills],What motivated you to seek a computing class at CCM? [Career Advancement],What motivated you to seek a computing class at CCM? [Career Change],What motivated you to seek a computing class at CCM? [Professional Development],What motivated you to seek a computing class at CCM? [Job Displacement],What motivated you to seek a computing class at CCM? [Relocation],What motivated you to seek a computing class at CCM? [IT Industry Certifications],What motivated you to seek a computing class at CCM? [Financial],What motivated you to seek a computing class at CCM? [Personal Enrichment],What motivated you to seek a computing class at CCM? [Curiosity],gender,ethnicity,age,interest rate
No,Yes,Yes,Yes,Yes,No,No,No,Yes,Yes,Yes,Prefer not to say,Hispanic or Latino;Black/African American;White/Caucasian;Multi-Racial,19-20,2
Yes,Yes,Yes,No,Yes,Yes,No,No,Yes,Yes,Yes,Woman,Hispanic or Latino,19-20,3
Yes,Yes,Yes,Yes,Yes,Yes,Yes,No,Yes,No,No,Man,Choose not to reply,18 and younger,5
No,Yes,No,No,No,No,No,No,No,No,No,Man,Hispanic or Latino,19-20,3
Yes,Yes,Yes,No,Yes,No,No,No,No,Yes,Yes,Woman,White/Caucasian,19-20,3
Yes,Yes,No,No,No,No,No,No,Yes,Yes,Yes,Woman,White/Caucasian,19-20,3
No,Yes,Yes,No,Yes,No,No,No,No,Yes,Yes,Woman,Hispanic or Latino,19-20,3
Yes,Yes,Yes,No,Yes,No,No,No,No,No,No,Woman,Hispanic or Latino;Black/African American,18 and younger,3
Yes,No,No,No,No,No,No,No,No,No,No,Woman,White/Caucasian,19-20,2
Yes,No,No,No,No,No,No,No,No,No,No,Woman,White/Caucasian,19-20,1
Yes,Yes,Yes,No,No,No,No,No,No,No,No,Woman,Asian,25-34,2
Yes,Yes,No,No,Yes,No,No,No,No,No,No,Woman,Hispanic or Latino;White/Caucasian,21-24,2
Yes,Yes,No,No,Yes,No,No,No,No,No,No,Woman,Hispanic or Latino;White/Caucasian,21-24,2
Yes,Yes,Yes,No,Yes,No,No,No,No,No,No,Woman,White/Caucasian,21-24,1
Yes,No,Yes,No,Yes,No,No,No,No,No,No,Non-binary,White/Caucasian,18 and younger,2
Yes,Yes,Yes,No,Yes,Yes,No,No,No,Yes,Yes,Man,White/Caucasian,19-20,2
Yes,Yes,Yes,No,No,Yes,No,No,No,No,No,Woman,White/Caucasian,18 and younger,2
Yes,Yes,No,No,No,Yes,No,No,Yes,Yes,No,Man,White/Caucasian,18 and younger,2
Yes,Yes,Yes,Yes,Yes,No,No,No,No,No,No,Woman,Hispanic or Latino,18 and younger,4
Yes,Yes,Yes,No,No,No,No,No,No,Yes,No,Man,Asian;Black/African American,19-20,2
Yes,No,No,No,No,No,No,No,No,No,No,Woman,White/Caucasian,18 and younger,3
Yes,No,No,No,No,No,No,No,No,No,No,Man,Asian;White/Caucasian,19-20,2
Yes,Yes,No,No,Yes,No,No,No,No,No,No,Man,White/Caucasian,25-34,2
Yes,Yes,Yes,No,Yes,No,No,No,Yes,Yes,Yes,Man,Hispanic or Latino,25-34,3
Yes,Yes,Yes,No,Yes,No,No,No,No,No,Yes,Woman,Hispanic or Latino,19-20,5
Yes,Yes,Yes,No,No,No,No,No,No,Yes,Yes,Man,Hispanic or Latino;White/Caucasian,18 and younger,2
Yes,No,No,No,Yes,No,No,No,No,Yes,No,Woman,White/Caucasian,19-20,2
Yes,Yes,Yes,No,Yes,No,No,No,Yes,Yes,Yes,Man,White/Caucasian,19-20,2
Yes,Yes,Yes,Yes,Yes,No,Yes,No,Yes,Yes,Yes,Man,Asian;White/Caucasian,25-34,3
Yes,Yes,Yes,No,Yes,No,No,No,No,Yes,Yes,Woman,Hispanic or Latino,21-24,2
Yes,Yes,No,No,Yes,Yes,No,No,No,No,No,Woman,Hispanic or Latino,21-24,2
Yes,No,Yes,No,Yes,No,No,No,No,Yes,Yes,Woman,Hispanic or Latino;White/Caucasian,18 and younger,4
Yes,Yes,Yes,No,Yes,No,No,No,Yes,Yes,Yes,Woman,American Indian/Native American/Alaska Native;White/Caucasian,18 and younger,1
Yes,Yes,Yes,Yes,Yes,Yes,No,No,Yes,No,Yes,Man,White/Caucasian,35-64,3
No,Yes,Yes,No,Yes,No,No,No,No,Yes,Yes,Woman,Hispanic or Latino;White/Caucasian;Multi-Racial,21-24,1
Yes,Yes,Yes,Yes,Yes,Yes,Yes,No,Yes,Yes,Yes,Man,White/Caucasian,19-20,1
Yes,Yes,Yes,Yes,Yes,No,No,No,Yes,Yes,Yes,Man,Black/African American,21-24,3
Yes,No,No,No,No,No,No,No,No,No,No,Man,White/Caucasian,19-20,1
No,Yes,Yes,No,Yes,No,No,No,Yes,Yes,Yes,Woman,White/Caucasian,19-20,3
Yes,No,No,Yes,Yes,Yes,No,No,Yes,Yes,No,Woman,Hispanic or Latino,19-20,2
Yes,Yes,Yes,No,Yes,Yes,Yes,No,No,Yes,Yes,Woman,Hispanic or Latino,21-24,5
Yes,Yes,No,No,Yes,No,No,No,No,No,No,Woman,Hispanic or Latino;Asian;White/Caucasian,18 and younger,5
Yes,No,No,No,Yes,No,No,No,No,No,Yes,Woman,Black/African American,19-20,1
Yes,Yes,Yes,No,Yes,No,No,No,No,No,No,Woman,Hispanic or Latino,18 and younger,1
Yes,Yes,Yes,Yes,Yes,No,No,No,No,Yes,Yes,Woman,Choose not to reply,25-34,5
Yes,Yes,Yes,No,Yes,No,No,No,No,Yes,Yes,Woman,Hispanic or Latino,21-24,3
Yes,Yes,Yes,Yes,Yes,No,No,No,No,No,No,Woman,Hispanic or Latino,21-24,3
Yes,Yes,Yes,No,Yes,No,No,No,Yes,Yes,Yes,Man,White/Caucasian,19-20,3
Yes,Yes,Yes,No,Yes,No,No,No,No,No,Yes,Woman,White/Caucasian,19-20,4
Yes,Yes,Yes,No,Yes,No,No,No,No,No,No,Man,Hispanic or Latino,19-20,1
Yes,Yes,Yes,Yes,Yes,Yes,No,No,No,Yes,Yes,Woman,Hispanic or Latino,19-20,4
Yes,Yes,No,No,Yes,No,No,No,No,Yes,Yes,Woman,Hispanic or Latino,25-34,5
Yes,Yes,Yes,No,Yes,No,No,No,No,No,No,Man,Black/African American,19-20,3
Yes,No,No,No,Yes,No,No,No,No,No,No,Man,White/Caucasian,35-64,3
Yes,Yes,No,No,Yes,No,No,No,No,Yes,No,Woman,White/Caucasian,19-20,2
No,Yes,No,No,No,No,No,No,No,Yes,Yes,Woman,White/Caucasian,25-34,1
Yes,Yes,Yes,No,Yes,No,No,No,No,Yes,Yes,Woman,Hispanic or Latino,18 and younger,3
Yes,Yes,No,No,Yes,Yes,No,No,Yes,Yes,Yes,Man,White/Caucasian,19-20,4
Yes,Yes,Yes,Yes,Yes,Yes,Yes,No,No,No,Yes,Man,Asian,21-24,3
Yes,Yes,No,No,Yes,No,No,No,No,No,No,Woman,Black/African American,19-20,2
Yes,Yes,Yes,No,Yes,Yes,Yes,No,Yes,Yes,Yes,Woman,Hispanic or Latino,21-24,3
Yes,No,No,No,No,No,No,No,No,No,No,Prefer not to say,White/Caucasian,19-20,1
Yes,Yes,Yes,No,No,No,No,No,No,No,No,Woman,Asian;White/Caucasian,19-20,1
Yes,Yes,No,No,Yes,No,No,No,No,Yes,Yes,Woman,Hispanic or Latino;White/Caucasian,25-34,2
No,Yes,Yes,Yes,No,No,No,Yes,No,Yes,Yes,Man,Hispanic or Latino,25-34,3
Yes,Yes,Yes,No,Yes,Yes,No,No,No,Yes,No,Man,White/Caucasian,19-20,2
Yes,Yes,No,No,Yes,No,No,No,No,No,No,Woman,White/Caucasian,19-20,3
No,Yes,Yes,Yes,Yes,Yes,No,No,No,Yes,Yes,Man,Choose not to reply,19-20,3
Yes,No,No,No,No,No,No,No,No,No,No,Woman,Black/African American,18 and younger,3
Yes,Yes,Yes,No,Yes,Yes,No,No,No,Yes,No,Woman,Hispanic or Latino;White/Caucasian,19-20,2
Yes,Yes,No,No,No,No,No,No,No,No,Yes,Woman,White/Caucasian,19-20,2
Yes,No,No,No,No,No,No,No,No,No,No,Woman,Choose not to reply,19-20,1
Yes,Yes,No,No,Yes,No,No,No,Yes,Yes,Yes,Woman,White/Caucasian,21-24,1
Yes,Yes,Yes,No,No,No,No,No,No,Yes,Yes,Woman,Hispanic or Latino,21-24,3
Yes,Yes,No,No,No,No,No,No,No,Yes,Yes,Woman,White/Caucasian,19-20,2
Yes,No,No,No,Yes,No,No,No,No,Yes,Yes,Woman,Hispanic or Latino,19-20,3
Yes,Yes,Yes,Yes,Yes,Yes,Yes,No,No,Yes,Yes,Man,White/Caucasian,35-64,3
No,No,No,No,No,No,No,No,No,No,No,Man,White/Caucasian,35-64,3
Yes,No,No,No,No,No,No,No,No,No,No,Woman,Hispanic or Latino,19-20,3
Yes,Yes,Yes,No,Yes,No,No,No,No,Yes,No,Woman,Hispanic or Latino,25-34,4
Yes,Yes,Yes,No,Yes,No,No,No,No,Yes,No,Woman,White/Caucasian,35-64,2
Yes,No,No,Yes,Yes,No,No,No,No,No,No,Man,White/Caucasian,21-24,2
Yes,Yes,Yes,No,Yes,Yes,Yes,Yes,Yes,Yes,Yes,Man,White/Caucasian,19-20,3
Yes,No,No,No,No,No,No,No,No,No,No,Woman,White/Caucasian,19-20,1
Yes,No,Yes,No,Yes,No,No,No,No,No,No,Woman,Hispanic or Latino,19-20,1
Yes,No,No,No,No,No,No,No,No,No,No,Woman,Choose not to reply,35-64,3
Yes,Yes,Yes,Yes,Yes,Yes,Yes,Yes,Yes,Yes,Yes,Woman,White/Caucasian,25-34,5
Yes,Yes,Yes,Yes,No,No,No,No,No,No,Yes,Woman,Hispanic or Latino;White/Caucasian,21-24,3
Yes,Yes,Yes,No,Yes,Yes,No,No,No,Yes,Yes,Woman,Hispanic or Latino,19-20,3
Yes,No,No,No,Yes,No,No,No,No,No,No,Woman,Black/African American,19-20,1
No,Yes,No,No,No,No,No,No,No,No,Yes,Man,Hispanic or Latino,19-20,3
Yes,Yes,Yes,No,Yes,No,No,No,No,Yes,Yes,Woman,Asian,21-24,5
